INSERT INTO expense_db.public.users (id,name,email) VALUES (1,'Macon','purus@dolorsit.edu');
INSERT INTO expense_db.public.users (id,name,email) VALUES (2,'Reese','blandit@Cras.co.uk');
INSERT INTO expense_db.public.users (id,name,email) VALUES (3,'Wayne','luctus@Maecenas.co.uk');
INSERT INTO expense_db.public.users (id,name,email) VALUES (4,'Stone','Cras@venenatis.co.uk');
INSERT INTO expense_db.public.users (id,name,email) VALUES (5,'Tashya','leo.elementum@egetnisi.net');
INSERT INTO expense_db.public.users (id,name,email) VALUES (6,'Yvonne','euismod@Phasellus.co.uk');
INSERT INTO expense_db.public.users (id,name,email) VALUES (7,'Sasha','a.sollicitudin.orci@lobortisClass.net');
INSERT INTO expense_db.public.users (id,name,email) VALUES (8,'Lionel','vulputate.ullamcorper@acmetusvitae.ca');
INSERT INTO expense_db.public.users (id,name,email) VALUES (9,'Mary','Aenean@Cras.org');
INSERT INTO expense_db.public.users (id,name,email) VALUES (10,'Ignacia','consequat@vulputate.net');

INSERT INTO expense_db.public.category (id,name, description) VALUES (1,'Quality Assurance','diam luctus lobortis. Class aptent taciti sociosqu ad litora torquent');
INSERT INTO expense_db.public.category (id,name, description) VALUES (2,'Security', 'nec tellus. Nunc lectus pede, ultrices a, auctor non, feugiat');
INSERT INTO expense_db.public.category (id,name, description) VALUES (3,'Legal Department', 'Etiam ligula tortor, dictum eu, placerat eget, venenatis');
INSERT INTO expense_db.public.category (id,name, description) VALUES (4,'Advertising', 'tincidunt, neque vitae semper egestas, urna justo');
INSERT INTO expense_db.public.category (id,name, description) VALUES (5,'Public Relations', 'elementum sem, vitae aliquam eros turpis non enim. Mauris quis');
INSERT INTO expense_db.public.category (id,name, description) VALUES (6,'Tech Support', 'dis parturient montes, nascetur ridiculus mus. Aenean');
INSERT INTO expense_db.public.category (id,name, description) VALUES (7,'Payroll', 'consectetuer adipiscing elit. Curabitur sed tortor. Integer');
INSERT INTO expense_db.public.category (id,name, description) VALUES (8,'Legal Department', 'erat. Etiam vestibulum massa rutrum magna. Cras convallis');
INSERT INTO expense_db.public.category (id,name, description) VALUES (9,'Customer Service', 'adipiscing elit. Curabitur sed tortor. Integer aliquam');
INSERT INTO expense_db.public.category (id,name, description) VALUES (10,'Finances', 'netus et malesuada');


insert into expense_db.public.expense (id, Description, expense_date, category_id, user_id, location) values (1, 'Etiam justo. Etiam pretium iaculis justo.', '2012-08-24T10:40:17Z', 1, 1, 'Changzhi');
insert into expense_db.public.expense (id, Description, expense_date, category_id, user_id, location) values (2, 'Sed vel enim sit amet nunc viverra dapibus. Nulla suscipit ligula in lacus.', '2016-02-14T09:37:25Z', 2, 2, 'Sibaté');
insert into expense_db.public.expense (id, Description, expense_date, category_id, user_id, location) values (3, 'Morbi odio odio, elementum eu, interdum eu, tincidunt in, leo. Maecenas pulvinar lobortis est.', '2019-01-14T23:11:23Z', 3, 3, 'Nossebro');
insert into expense_db.public.expense (id, Description, expense_date, category_id, user_id, location) values (4, 'Aliquam non mauris.', '2016-02-04T17:32:42Z', 4, 4, 'Baoshan');
insert into expense_db.public.expense (id, Description, expense_date, category_id, user_id, location) values (5, 'Donec vitae nisi. Nam ultrices, libero non mattis pulvinar, nulla pede ullamcorper augue, a suscipit nulla elit ac nulla.', '2019-10-29T11:43:48Z', 5, 5, 'Sol’tsy');
insert into expense_db.public.expense (id, Description, expense_date, category_id, user_id, location) values (6, 'Nunc rhoncus dui vel sem.', '2011-02-16T12:18:26Z', 6, 6, 'Chusovoy');
insert into expense_db.public.expense (id, Description, expense_date, category_id, user_id, location) values (7, 'Duis bibendum.', '2020-05-06T01:09:57Z', 7, 7, 'Popil''nya');
insert into expense_db.public.expense (id, Description, expense_date, category_id, user_id, location) values (8, 'In tempor, turpis nec euismod scelerisque, quam turpis adipiscing lorem, vitae mattis nibh ligula nec sem.', '2014-04-07T21:55:10Z', 8, 8, 'Hiseti');
insert into expense_db.public.expense (id, Description, expense_date, category_id, user_id, location) values (9, 'In sagittis dui vel nisl.', '2017-05-26T17:01:14Z', 9, 9, 'Tayuan');
insert into expense_db.public.expense (id, Description, expense_date, category_id, user_id, location) values (10, 'Vestibulum ante ipsum primis in faucibus orci luctus et ultrices posuere cubilia Curae; Duis faucibus accumsan odio.', '2012-06-17T03:28:21Z', 10, 10, 'Ḩalwān');
insert into expense_db.public.expense (id, Description, expense_date, category_id, user_id, location) values (11, 'Sed ante.', '2013-02-07T14:57:15Z', 1, 1, 'Dillenburg');
insert into expense_db.public.expense (id, Description, expense_date, category_id, user_id, location) values (12, 'Vestibulum ante ipsum primis in faucibus orci luctus et ultrices posuere cubilia Curae; Duis faucibus accumsan odio.', '2019-03-06T15:07:30Z', 2, 2, 'Dzyarzhynsk');
insert into expense_db.public.expense (id, Description, expense_date, category_id, user_id, location) values (13, 'Morbi ut odio. Cras mi pede, malesuada in, imperdiet et, commodo vulputate, justo.', '2018-01-07T10:16:29Z', 3, 3, 'Xiagong');
insert into expense_db.public.expense (id, Description, expense_date, category_id, user_id, location) values (14, 'Nam congue, risus semper porta volutpat, quam pede lobortis ligula, sit amet eleifend pede libero quis orci. Nullam molestie nibh in lectus.', '2016-06-05T14:16:08Z', 4, 4, 'São Paio de Seide');
insert into expense_db.public.expense (id, Description, expense_date, category_id, user_id, location) values (15, 'Duis consequat dui nec nisi volutpat eleifend.', '2012-12-24T08:06:45Z', 5, 5, 'Liutan');
insert into expense_db.public.expense (id, Description, expense_date, category_id, user_id, location) values (16, 'Fusce congue, diam id ornare imperdiet, sapien urna pretium nisl, ut volutpat sapien arcu sed augue. Aliquam erat volutpat.', '2012-12-04T23:01:56Z', 6, 6, 'Tokār');
insert into expense_db.public.expense (id, Description, expense_date, category_id, user_id, location) values (17, 'Vestibulum ante ipsum primis in faucibus orci luctus et ultrices posuere cubilia Curae; Mauris viverra diam vitae quam. Suspendisse potenti.', '2018-06-18T01:25:09Z', 7, 7, 'Shuangjie');
insert into expense_db.public.expense (id, Description, expense_date, category_id, user_id, location) values (18, 'Pellentesque at nulla. Suspendisse potenti.', '2013-08-21T14:02:05Z', 8, 8, 'Yuhuazhai');
insert into expense_db.public.expense (id, Description, expense_date, category_id, user_id, location) values (19, 'Integer ac neque. Duis bibendum.', '2011-09-09T11:31:22Z', 9, 9, 'Nangkapayung');
insert into expense_db.public.expense (id, Description, expense_date, category_id, user_id, location) values (20, 'Nam nulla. Integer pede justo, lacinia eget, tincidunt eget, tempus vel, pede.', '2015-08-07T20:20:46Z', 10, 10, 'Binkolo');
insert into expense_db.public.expense (id, Description, expense_date, category_id, user_id, location) values (21, 'In tempor, turpis nec euismod scelerisque, quam turpis adipiscing lorem, vitae mattis nibh ligula nec sem.', '2012-05-07T19:43:41Z', 1, 1, 'Wakduwa’ Barat');
insert into expense_db.public.expense (id, Description, expense_date, category_id, user_id, location) values (22, 'Aenean lectus.', '2013-10-23T02:41:05Z', 2, 2, 'Österbybruk');
insert into expense_db.public.expense (id, Description, expense_date, category_id, user_id, location) values (23, 'Vestibulum ac est lacinia nisi venenatis tristique.', '2016-03-01T12:31:38Z', 3, 3, 'Shuitou');
insert into expense_db.public.expense (id, Description, expense_date, category_id, user_id, location) values (24, 'Morbi vel lectus in quam fringilla rhoncus.', '2019-10-25T23:13:25Z', 4, 4, 'Gubo');
insert into expense_db.public.expense (id, Description, expense_date, category_id, user_id, location) values (25, 'Morbi odio odio, elementum eu, interdum eu, tincidunt in, leo.', '2016-02-02T20:15:01Z', 5, 5, 'Tarko-Sale');
insert into expense_db.public.expense (id, Description, expense_date, category_id, user_id, location) values (26, 'Ut at dolor quis odio consequat varius. Integer ac leo.', '2019-10-18T17:59:12Z', 6, 6, 'Panjir');
insert into expense_db.public.expense (id, Description, expense_date, category_id, user_id, location) values (27, 'Cras pellentesque volutpat dui.', '2017-12-13T16:36:45Z', 7, 7, 'Kedungbanteng Krajan');
insert into expense_db.public.expense (id, Description, expense_date, category_id, user_id, location) values (28, 'Cras in purus eu magna vulputate luctus.', '2017-03-23T11:10:09Z', 8, 8, 'Jiang’an');
insert into expense_db.public.expense (id, Description, expense_date, category_id, user_id, location) values (29, 'Vivamus vestibulum sagittis sapien. Cum sociis natoque penatibus et magnis dis parturient montes, nascetur ridiculus mus.', '2012-07-05T13:00:38Z', 9, 9, 'Singabarong');
insert into expense_db.public.expense (id, Description, expense_date, category_id, user_id, location) values (30, 'Morbi vestibulum, velit id pretium iaculis, diam erat fermentum justo, nec condimentum neque sapien placerat ante. Nulla justo.', '2010-12-05T08:35:30Z', 10, 10, 'Feodosiya');
insert into expense_db.public.expense (id, Description, expense_date, category_id, user_id, location) values (31, 'Morbi odio odio, elementum eu, interdum eu, tincidunt in, leo. Maecenas pulvinar lobortis est.', '2017-06-28T07:07:18Z', 1, 1, 'Damulog');
insert into expense_db.public.expense (id, Description, expense_date, category_id, user_id, location) values (32, 'Nulla suscipit ligula in lacus. Curabitur at ipsum ac tellus semper interdum.', '2018-06-07T06:21:35Z', 2, 2, 'Mbala');
insert into expense_db.public.expense (id, Description, expense_date, category_id, user_id, location) values (33, 'Pellentesque ultrices mattis odio. Donec vitae nisi.', '2017-06-23T20:16:00Z', 3, 3, 'Lolotique');
insert into expense_db.public.expense (id, Description, expense_date, category_id, user_id, location) values (34, 'Duis bibendum. Morbi non quam nec dui luctus rutrum.', '2017-08-30T05:47:53Z', 4, 4, 'Fernando de Noronha (Distrito Estadual)');
insert into expense_db.public.expense (id, Description, expense_date, category_id, user_id, location) values (35, 'Morbi non lectus.', '2015-11-30T16:05:43Z', 5, 5, 'Bungbulang');
insert into expense_db.public.expense (id, Description, expense_date, category_id, user_id, location) values (36, 'Fusce posuere felis sed lacus.', '2013-12-23T17:45:49Z', 6, 6, 'Fuyong');
insert into expense_db.public.expense (id, Description, expense_date, category_id, user_id, location) values (37, 'Mauris lacinia sapien quis libero.', '2019-06-03T05:41:22Z', 7, 7, 'Mbouda');
insert into expense_db.public.expense (id, Description, expense_date, category_id, user_id, location) values (38, 'Nullam molestie nibh in lectus. Pellentesque at nulla.', '2020-05-16T00:47:41Z', 8, 8, 'Velikiy Novgorod');
insert into expense_db.public.expense (id, Description, expense_date, category_id, user_id, location) values (39, 'Nam congue, risus semper porta volutpat, quam pede lobortis ligula, sit amet eleifend pede libero quis orci.', '2016-09-03T12:54:39Z', 9, 9, 'Kalungu');
insert into expense_db.public.expense (id, Description, expense_date, category_id, user_id, location) values (40, 'Duis bibendum, felis sed interdum venenatis, turpis enim blandit mi, in porttitor pede justo eu massa. Donec dapibus.', '2015-08-18T11:54:47Z', 10, 10, 'Casselman');
insert into expense_db.public.expense (id, Description, expense_date, category_id, user_id, location) values (41, 'Nunc purus.', '2017-08-31T12:32:12Z', 1, 1, 'Amuru');
insert into expense_db.public.expense (id, Description, expense_date, category_id, user_id, location) values (42, 'Nulla ac enim. In tempor, turpis nec euismod scelerisque, quam turpis adipiscing lorem, vitae mattis nibh ligula nec sem.', '2018-04-13T18:52:17Z', 2, 2, 'Ampelákia');
insert into expense_db.public.expense (id, Description, expense_date, category_id, user_id, location) values (43, 'In est risus, auctor sed, tristique in, tempus sit amet, sem.', '2012-06-30T06:28:18Z', 3, 3, 'General Pico');
insert into expense_db.public.expense (id, Description, expense_date, category_id, user_id, location) values (44, 'Pellentesque at nulla.', '2019-02-20T11:01:22Z', 4, 4, 'Lukhovka');
insert into expense_db.public.expense (id, Description, expense_date, category_id, user_id, location) values (45, 'Aliquam augue quam, sollicitudin vitae, consectetuer eget, rutrum at, lorem. Integer tincidunt ante vel ipsum.', '2012-12-08T07:09:47Z', 5, 5, 'Al Qārah');
insert into expense_db.public.expense (id, Description, expense_date, category_id, user_id, location) values (46, 'Phasellus sit amet erat. Nulla tempus.', '2016-08-05T01:41:59Z', 6, 6, 'Baní');
insert into expense_db.public.expense (id, Description, expense_date, category_id, user_id, location) values (47, 'Aliquam augue quam, sollicitudin vitae, consectetuer eget, rutrum at, lorem.', '2011-12-07T12:09:11Z', 7, 7, 'Pengxing');
insert into expense_db.public.expense (id, Description, expense_date, category_id, user_id, location) values (48, 'Donec diam neque, vestibulum eget, vulputate ut, ultrices vel, augue.', '2020-05-10T16:57:28Z', 8, 8, 'Xihe');
insert into expense_db.public.expense (id, Description, expense_date, category_id, user_id, location) values (49, 'Aliquam quis turpis eget elit sodales scelerisque.', '2020-01-07T11:30:09Z', 9, 9, 'Yigo Village');
insert into expense_db.public.expense (id, Description, expense_date, category_id, user_id, location) values (50, 'Maecenas rhoncus aliquam lacus.', '2012-10-22T14:09:06Z', 10, 10, 'Mikhnëvo');
insert into expense_db.public.expense (id, Description, expense_date, category_id, user_id, location) values (51, 'Vestibulum sed magna at nunc commodo placerat. Praesent blandit.', '2018-08-08T07:14:30Z', 1, 1, 'Jixiang');
insert into expense_db.public.expense (id, Description, expense_date, category_id, user_id, location) values (52, 'Duis at velit eu est congue elementum.', '2019-01-30T06:54:29Z', 2, 2, 'Liuhu');
insert into expense_db.public.expense (id, Description, expense_date, category_id, user_id, location) values (53, 'Nam tristique tortor eu pede.', '2013-04-19T09:48:00Z', 3, 3, 'Kuybyshevskiy Zaton');
insert into expense_db.public.expense (id, Description, expense_date, category_id, user_id, location) values (54, 'Vivamus vestibulum sagittis sapien. Cum sociis natoque penatibus et magnis dis parturient montes, nascetur ridiculus mus.', '2020-02-10T08:15:33Z', 4, 4, 'Pianbai');
insert into expense_db.public.expense (id, Description, expense_date, category_id, user_id, location) values (55, 'Integer pede justo, lacinia eget, tincidunt eget, tempus vel, pede.', '2012-08-10T02:05:13Z', 5, 5, 'Gangba');
insert into expense_db.public.expense (id, Description, expense_date, category_id, user_id, location) values (56, 'Cras in purus eu magna vulputate luctus. Cum sociis natoque penatibus et magnis dis parturient montes, nascetur ridiculus mus.', '2011-12-21T09:39:41Z', 6, 6, 'Kolchikón');
insert into expense_db.public.expense (id, Description, expense_date, category_id, user_id, location) values (57, 'Etiam pretium iaculis justo. In hac habitasse platea dictumst.', '2012-07-29T09:33:43Z', 7, 7, 'San José de Comayagua');
insert into expense_db.public.expense (id, Description, expense_date, category_id, user_id, location) values (58, 'Cum sociis natoque penatibus et magnis dis parturient montes, nascetur ridiculus mus. Vivamus vestibulum sagittis sapien.', '2018-04-23T22:05:35Z', 8, 8, 'Bektemir');
insert into expense_db.public.expense (id, Description, expense_date, category_id, user_id, location) values (59, 'Phasellus id sapien in sapien iaculis congue.', '2015-10-20T01:16:00Z', 9, 9, 'Cikarang');
insert into expense_db.public.expense (id, Description, expense_date, category_id, user_id, location) values (60, 'Donec dapibus. Duis at velit eu est congue elementum.', '2019-11-06T09:26:58Z', 10, 10, 'Az Zāhir');
insert into expense_db.public.expense (id, Description, expense_date, category_id, user_id, location) values (61, 'Donec ut mauris eget massa tempor convallis.', '2016-07-24T18:30:49Z', 1, 1, 'Longsheng');
insert into expense_db.public.expense (id, Description, expense_date, category_id, user_id, location) values (62, 'In blandit ultrices enim.', '2017-12-06T15:06:53Z', 2, 2, 'Prado');
insert into expense_db.public.expense (id, Description, expense_date, category_id, user_id, location) values (63, 'Aliquam sit amet diam in magna bibendum imperdiet. Nullam orci pede, venenatis non, sodales sed, tincidunt eu, felis.', '2012-07-22T21:08:13Z', 3, 3, 'Nieborów');
insert into expense_db.public.expense (id, Description, expense_date, category_id, user_id, location) values (64, 'Nullam molestie nibh in lectus. Pellentesque at nulla.', '2020-02-29T21:18:04Z', 4, 4, 'Muro');
insert into expense_db.public.expense (id, Description, expense_date, category_id, user_id, location) values (65, 'Lorem ipsum dolor sit amet, consectetuer adipiscing elit. Proin interdum mauris non ligula pellentesque ultrices.', '2013-09-12T04:22:55Z', 5, 5, 'Abastumani');
insert into expense_db.public.expense (id, Description, expense_date, category_id, user_id, location) values (66, 'In hac habitasse platea dictumst.', '2019-04-29T00:43:44Z', 6, 6, 'Fengshan');
insert into expense_db.public.expense (id, Description, expense_date, category_id, user_id, location) values (67, 'Cum sociis natoque penatibus et magnis dis parturient montes, nascetur ridiculus mus.', '2012-03-05T11:13:25Z', 7, 7, 'Czerniewice');
insert into expense_db.public.expense (id, Description, expense_date, category_id, user_id, location) values (68, 'Ut at dolor quis odio consequat varius.', '2014-07-16T23:57:16Z', 8, 8, 'Houxiang');
insert into expense_db.public.expense (id, Description, expense_date, category_id, user_id, location) values (69, 'Nullam varius. Nulla facilisi.', '2012-02-10T07:20:24Z', 9, 9, 'Qianjin');
insert into expense_db.public.expense (id, Description, expense_date, category_id, user_id, location) values (70, 'Nulla justo.', '2016-03-05T19:30:48Z', 10, 10, 'Lakatnik');
insert into expense_db.public.expense (id, Description, expense_date, category_id, user_id, location) values (71, 'Suspendisse ornare consequat lectus.', '2014-05-24T23:07:40Z', 1, 1, 'Kardhiq');
insert into expense_db.public.expense (id, Description, expense_date, category_id, user_id, location) values (72, 'Curabitur in libero ut massa volutpat convallis.', '2013-11-28T02:33:36Z', 2, 2, 'Melong');
insert into expense_db.public.expense (id, Description, expense_date, category_id, user_id, location) values (73, 'Aenean lectus. Pellentesque eget nunc.', '2018-10-22T02:53:08Z', 3, 3, 'Chelopech');
insert into expense_db.public.expense (id, Description, expense_date, category_id, user_id, location) values (74, 'Integer non velit. Donec diam neque, vestibulum eget, vulputate ut, ultrices vel, augue.', '2015-03-24T22:17:41Z', 4, 4, 'Purda');
insert into expense_db.public.expense (id, Description, expense_date, category_id, user_id, location) values (75, 'Etiam justo. Etiam pretium iaculis justo.', '2012-03-18T02:37:04Z', 5, 5, 'Brooklyn');
insert into expense_db.public.expense (id, Description, expense_date, category_id, user_id, location) values (76, 'Phasellus id sapien in sapien iaculis congue. Vivamus metus arcu, adipiscing molestie, hendrerit at, vulputate vitae, nisl.', '2012-04-19T07:43:31Z', 6, 6, 'Нераште');
insert into expense_db.public.expense (id, Description, expense_date, category_id, user_id, location) values (77, 'Ut at dolor quis odio consequat varius.', '2011-02-26T17:07:44Z', 7, 7, 'Sidi Lamine');
insert into expense_db.public.expense (id, Description, expense_date, category_id, user_id, location) values (78, 'Maecenas tristique, est et tempus semper, est quam pharetra magna, ac consequat metus sapien ut nunc.', '2019-11-12T17:03:42Z', 8, 8, 'Whittier');
insert into expense_db.public.expense (id, Description, expense_date, category_id, user_id, location) values (79, 'In hac habitasse platea dictumst. Aliquam augue quam, sollicitudin vitae, consectetuer eget, rutrum at, lorem.', '2013-03-16T19:20:14Z', 9, 9, 'Vuzenica');
insert into expense_db.public.expense (id, Description, expense_date, category_id, user_id, location) values (80, 'Donec dapibus.', '2013-02-10T04:33:06Z', 10, 10, 'Ditang');
insert into expense_db.public.expense (id, Description, expense_date, category_id, user_id, location) values (81, 'Vestibulum ante ipsum primis in faucibus orci luctus et ultrices posuere cubilia Curae; Mauris viverra diam vitae quam.', '2019-09-08T08:54:18Z', 1, 1, 'Parravak’ar');
insert into expense_db.public.expense (id, Description, expense_date, category_id, user_id, location) values (82, 'Morbi ut odio.', '2011-03-01T00:39:34Z', 2, 2, 'Wanhu');
insert into expense_db.public.expense (id, Description, expense_date, category_id, user_id, location) values (83, 'Nam nulla. Integer pede justo, lacinia eget, tincidunt eget, tempus vel, pede.', '2019-12-11T05:57:14Z', 3, 3, 'Yokosuka');
insert into expense_db.public.expense (id, Description, expense_date, category_id, user_id, location) values (84, 'Sed ante. Vivamus tortor.', '2017-04-30T08:43:43Z', 4, 4, 'Ljusdal');
insert into expense_db.public.expense (id, Description, expense_date, category_id, user_id, location) values (85, 'Morbi vestibulum, velit id pretium iaculis, diam erat fermentum justo, nec condimentum neque sapien placerat ante. Nulla justo.', '2015-08-14T11:50:53Z', 5, 5, 'Užice');
insert into expense_db.public.expense (id, Description, expense_date, category_id, user_id, location) values (86, 'Phasellus sit amet erat.', '2020-06-30T05:12:47Z', 6, 6, 'Penedono');
insert into expense_db.public.expense (id, Description, expense_date, category_id, user_id, location) values (87, 'Curabitur convallis. Duis consequat dui nec nisi volutpat eleifend.', '2017-02-12T12:52:44Z', 7, 7, 'Jugezhuang');
insert into expense_db.public.expense (id, Description, expense_date, category_id, user_id, location) values (88, 'Curabitur at ipsum ac tellus semper interdum. Mauris ullamcorper purus sit amet nulla.', '2013-02-24T11:49:20Z', 8, 8, 'Għaxaq');
insert into expense_db.public.expense (id, Description, expense_date, category_id, user_id, location) values (89, 'Suspendisse potenti. Nullam porttitor lacus at turpis.', '2019-03-12T16:48:42Z', 9, 9, 'Shataping');
insert into expense_db.public.expense (id, Description, expense_date, category_id, user_id, location) values (90, 'In quis justo. Maecenas rhoncus aliquam lacus.', '2017-11-20T06:23:50Z', 10, 10, 'San Rafael');
insert into expense_db.public.expense (id, Description, expense_date, category_id, user_id, location) values (91, 'Integer non velit.', '2016-04-19T19:56:19Z', 1, 1, 'Concepción Tutuapa');
insert into expense_db.public.expense (id, Description, expense_date, category_id, user_id, location) values (92, 'Fusce lacus purus, aliquet at, feugiat non, pretium quis, lectus. Suspendisse potenti.', '2016-06-10T10:09:01Z', 2, 2, 'Nangela');
insert into expense_db.public.expense (id, Description, expense_date, category_id, user_id, location) values (93, 'Duis at velit eu est congue elementum.', '2013-07-19T14:05:53Z', 3, 3, 'Kaura Namoda');
insert into expense_db.public.expense (id, Description, expense_date, category_id, user_id, location) values (94, 'Pellentesque at nulla.', '2011-10-09T22:41:31Z', 4, 4, 'Busungbiu');
insert into expense_db.public.expense (id, Description, expense_date, category_id, user_id, location) values (95, 'Aliquam quis turpis eget elit sodales scelerisque. Mauris sit amet eros.', '2017-12-28T23:10:12Z', 5, 5, 'Duran');
insert into expense_db.public.expense (id, Description, expense_date, category_id, user_id, location) values (96, 'Nullam varius.', '2011-10-20T15:52:01Z', 6, 6, 'Chrząstowice');
insert into expense_db.public.expense (id, Description, expense_date, category_id, user_id, location) values (97, 'Mauris lacinia sapien quis libero. Nullam sit amet turpis elementum ligula vehicula consequat.', '2018-11-20T21:23:06Z', 7, 7, 'Medveđa');
insert into expense_db.public.expense (id, Description, expense_date, category_id, user_id, location) values (98, 'Vestibulum rutrum rutrum neque.', '2016-12-30T08:39:31Z', 8, 8, 'Cauday');
insert into expense_db.public.expense (id, Description, expense_date, category_id, user_id, location) values (99, 'Pellentesque at nulla.', '2020-07-16T12:28:00Z', 9, 9, 'Lüderitz');
insert into expense_db.public.expense (id, Description, expense_date, category_id, user_id, location) values (100, 'Integer a nibh.', '2016-07-24T08:16:52Z', 10, 10, 'Sungai Iyu');